{"cameraMode":{"drawMode":0,"name":"Shaded","section":"Shading Mode"},"sceneLighting":true,"audioPlay":false,"sceneViewState":{"m_AlwaysRefresh":false,"showFog":true,"showSkybox":true,"showFlares":true,"showImageEffects":true,"showParticleSystems":true,"showVisualEffectGraphs":true,"m_FxEnabled":true},"in2DMode":false,"pivot":{"x":-302.0218811035156,"y":73.48590087890625,"z":53.959598541259769},"rotation":{"x":0.7213569283485413,"y":0.06808459758758545,"z":-0.07164860516786576,"w":0.6854749917984009},"size":1.9039783477783204,"orthographic":false}