{"cameraMode":{"drawMode":0,"name":"Shaded","section":"Shading Mode"},"sceneLighting":false,"audioPlay":false,"sceneViewState":{"m_AlwaysRefresh":false,"showFog":true,"showSkybox":false,"showFlares":true,"showImageEffects":true,"showParticleSystems":true,"showVisualEffectGraphs":true,"m_FxEnabled":true},"in2DMode":false,"pivot":{"x":0.00009381771087646484,"y":1.8718385696411133,"z":1.2909290790557862},"rotation":{"x":0.6043077111244202,"y":0.0023908205330371858,"z":-0.001813436858355999,"w":0.7967491149902344},"size":5.53443717956543,"orthographic":true}